query,rank,chunk_id,score,source,document_id,page,section,text
What is the recommended treatment for H. pylori infection?,1,ACG_0072,0.7101,ACG Clinical Guideline 2024: Treatment of Helicobacter pylori Infection,ACG_2024,17,ERADICATING HELICOBACTER PYLORI INFECTION IN TREATMENT-EXPERIENCED PATIENTS,"5. In treatment-experienced patients with persistent H. pylori infection that is confirmed to be clarithromycin-sensitive, PPI- or PCAB-clarithromycin triple therapy is suggested. As the recommendations of this guideline for the first-line treatment of H. pylori infection are incorporated into clinical practice, a larger proportion of treatment-experienced patients with persistent H. pylori infection will have previously been treated with BQT, rifabutin triple therapy, or vonoprazanamoxicillin dual therapy. If, related to previous use, high cost, or a lack of availability, treatment regimens containing clarithromycin or levofloxacin need to be considered, antibiotic susceptibility testing (see Key concept 6) should be performed. Here, we discuss clarithromycin triple therapy as salvage therapy, whereas quinolone-based salvage therapy is discussed below. There are no RCTs or robust observational data from North America that evaluate clarithromycin triple therapy as salvage therapy after BQT, rifabutin triple therapy, or vonoprazanamoxicillin dual therapy. Thus, the guideline panel used expert consensus to suggest PPI- or PCAB-clarithromycin triple salvage therapy in patients with persistent H. pylori infection confirmed to be sensitive to clarithromycin by antibiotic susceptibility testing. As noted above, the bactericidal activity of clarithromycin and amoxicillin on susceptible H. pylori strains is critically dependent on achieving and maintaining adequate gastric acid suppression (intragastric pH .6)."
What is the recommended treatment for H. pylori infection?,2,ACG_0005,0.7006,ACG Clinical Guideline 2024: Treatment of Helicobacter pylori Infection,ACG_2024,2,INTRODUCTION,"In some instances, key concepts are based on extrapolation of evidence and/or expert consensus. This guideline used GRADE methodology to evaluate treatment options for patients with H. pylori infection. We summarize treatment recommendations for patients with active H. pylori infection, as confirmed by a nonserological test, who have not been previously treated (i.e., ""treatment-naive"" patients) and those with persistent infection despite previous attempt(s) at eradication (i.e., ""treatment-experienced"" patients). Readers will notice substantial changes from the recommendations offered in the 2017 ACG CPG (6). These changes were largely motivated by important new data from North America including: 1. Rising rates of resistance to key antibiotics used to treat H. pylori, including clarithromycin and levofloxacin. This has led to reduced effectiveness of commonly used treatment regimens that contain these antibiotics. 2. Studies that have been conducted with novel treatment regimens featuring new antibiotic options (i.e., rifabutin) or more potent, next-generation gastric acid-suppressing agents (i.e., potassium-competitive acid blockers; PCABs) in treatment-naive individuals. As in previous versions, recommendations were based on the current, best available evidence with prioritization of evidence from studies conducted in North America. When unavailable, recommendations were based on studies conducted in other parts of the world and expert consensus."
What is the recommended treatment for H. pylori infection?,3,ACG_0001,0.6966,ACG Clinical Guideline 2024: Treatment of Helicobacter pylori Infection,ACG_2024,1,ABSTRACT,"Helicobacter pylori is a prevalent, global infectious disease that causes dyspepsia, peptic ulcer disease, and gastric cancer. The American College of Gastroenterology commissioned this clinical practice guideline (CPG) to inform the evidence-based management of patients with H. pylori infection in North America. This CPG used Grading of Recommendations, Assessment, Development, and Evaluation (GRADE) methodology to systematically analyze 11 Population, Intervention, Comparison, and Outcome questions and generate recommendations. Where evidence was insufficient or the topic did not lend itself to GRADE, expert consensus was used to create 6 key concepts. For treatment-naive patients with H. pylori infection, bismuth quadruple therapy (BQT) for 14 days is the preferred regimen when antibiotic susceptibility is unknown. Rifabutin triple therapy or potassium-competitive acid blocker dual therapy for 14 days is a suitable empiric alternative in patients without penicillin allergy. In treatment-experienced patients with persistent H. pylori infection, ""optimized"" BQT for 14 days is preferred for those who have not been treated with optimized BQT previously and for whom antibiotic susceptibility is unknown. In patients previously treated with optimized BQT, rifabutin triple therapy for 14 days is a suitable empiric alternative."
What is the recommended treatment for H. pylori infection?,4,ACG_0055,0.6889,ACG Clinical Guideline 2024: Treatment of Helicobacter pylori Infection,ACG_2024,13,POST-TREATMENT TESTING FOR CURE,"Results will inform clinicians either to consider an alternative treatment for H. pylori in those with persistent infection or a different dyspepsia treatment strategy in those with successful eradication. A negative post-treatment test result should be reassuring to patients and providers alike as a meta-analysis reported recurrence rates of 1% (95% CI 0.3%-3%) per year for persons in the United States who are successfully eradicated of their H. pylori infection. Thus, with the exception of Alaskan natives who have an H. pylori recurrence rate of more than 8%, recurrence of H. pylori infection after an evidence-based treatment regimen is quite rare in the United States (105). An added benefit of routinely testing for cure is the ability of providers to monitor their local treatment results and to change their approach if results with certain regimens are suboptimal (e.g., if under 85%). Low eradication rates in first-line therapy should prompt consideration of testing for resistance and/or adopting a different empiric regimen. It is encouraging that the recommendation for routine post-treatment test of cure in the 2017 ACG guideline has been accompanied by improved rates of post-treatment testing in clinical practice in the United States, from under 25% in 2005 to 60%-80%by 2019 (57,60,106). Nevertheless, these improvements should not discourage healthcare providers from further attempts at improving adherence to the recommendation for universal post-treatment testing."
What is the recommended treatment for H. pylori infection?,5,ACG_0019,0.6867,ACG Clinical Guideline 2024: Treatment of Helicobacter pylori Infection,ACG_2024,5,INDICATIONS FOR HELICOBACTER PYLORI TESTING AND TREATMENT,"In patients with functional dyspepsia, eradication of H. pylori infection only provides modest benefit. A recent meta-analysis identified 29 RCTs including 6,781 H. pylori-positive patients with functional dyspepsia (26). They reported that treatment of H. pylori was superior to control (PPI, prokinetics, or placebo) for symptom cure (RR of symptoms not being cured 5 0.91; 95% CI 0.88-0.94, number needed to treat [NNT] 5 14; 95% CI 11-21) and symptom improvement (RR 0.84; 95% CI 0.78-0.91, NNT 5 9; 95% CI 7-17). The impact on symptoms was larger in patients with successful cure of H. pylori than in those who were not successfully cured of their infection (RR 0.65; 95% CI 0.52-0.82, NNT 5 4.5, 95% CI 3-9). Overall adverse events (RR 2.19; 95% CI 1.10-4.37) and adverse events leading to withdrawal (RR 2.60; 95% CI 1.47-4.58) were reported more commonly with antibiotic therapy for H. pylori. Although clinical benefits of H. pylori treatment are modest, it bears emphasizing that eradication of H. pylori is one of the only potentially curative treatments for patients with functional dyspepsia (25), and reduces the risk of other downstream complications of chronic H. pylori infection. In both uninvestigated and functional dyspepsia, benefits range from symptomrelief to decreased healthcare utilization."
When should eradication of H. pylori be confirmed?,1,ACG_0029,0.6713,ACG Clinical Guideline 2024: Treatment of Helicobacter pylori Infection,ACG_2024,6,INDICATIONS FOR HELICOBACTER PYLORI TESTING AND TREATMENT,"After successful eradication of H. pylori infection, complete remission of the gastric MALT lymphoma was reported in 75.2% (95% CI 70.5-79.9) (50). CPGs recommend eradication of H. pylori as the primary treatment for early stage gastric MALT lymphoma (6,51,52) despite the lack of high-quality RCTs; instead, this recommendation considers the strong potential for benefit and negligible risk of H. pylori eradication treatment, especially when compared with other treatments for MALT lymphoma. With the exception of gastric fundic gland polyps, most gastric epithelial polyps arise in the setting of inflammatory conditions (e.g., H. pylori gastritis, autoimmune gastritis [AIG]), other insults, or—less often—polyposis syndromes. Unlike fundic gland polyps, which generally have no malignant potential, gastric hyperplastic polyps and adenomas often arise in a background of H. pylori-driven GPMC and can undergo malignant transformation (53,54). In patients with suspected or confirmed gastric hyperplastic polyps or adenomas, systematic biopsies (e.g., according to the Sydney protocol) are indicated with an assessment for H. pylori and for GPMC in the surrounding mucosa. Histologic assessment not onlyenables the identification and treatment of H. pylori infection but also facilitates endoscopic planning, including polypectomy and/or GPMC surveillance. AIG is an immune-mediated chronic condition characterized by progressive inflammation and eventual atrophy (with or without metaplasia) of the gastric corpus as a result of autoantibody-mediated destruction of gastric parietal cells."
When should eradication of H. pylori be confirmed?,2,ACG_0053,0.661,ACG Clinical Guideline 2024: Treatment of Helicobacter pylori Infection,ACG_2024,13,POST-TREATMENT TESTING FOR CURE,"4. All patients who are treated for H. pylori infection should undergo a test of cure with an appropriately conducted urea breath test, fecal antigen test, or biopsy-based test at least 4 weeks after completion of therapy. Since H. pylori eradication rates with traditional treatment regimens have been declining in the United States over the past 2 decades, tests of cure are necessary to identify patients with persistent infection. The nonendoscopic urea breath test and fecal antigen test are both highly accurate for confirming treatment success when performed at least 4 weeks after the completion of therapy. Since PPIs can result in false-negative urea breath tests and fecal antigen tests, they should be stopped for 2 weeks before either test of cure is performed (99,100). Similar considerations will probably also apply to PCABs (such as vonoprazan), although, thus far, this has not been adequately studied (101). Standard doses of H2RAs or antacids do not affect the accuracy of these tests. Patients should also avoid bismuth and antibiotics for at least 4 weeks before a test of cure. Because antibody levels can remain detectable for months to years after successful eradication of H. pylori infection, serological testing should not be used to establish post-treatment status (102). In the rare situations when upper endoscopy is needed shortly after treating H. pylori infection (e.g., in patients with a large gastric ulcer or gastric MALT lymphoma), histology and/or a biopsy urease test can also be used to confirm post-treatment H. pylori status. Similar to urea breath testing and fecal antigen testing, the sensitivity of endoscopic tests for H. pylori is reduced by the recent use of PPIs (and possibly PCABs), bismuth, or antibiotics."
When should eradication of H. pylori be confirmed?,3,ACG_0055,0.6522,ACG Clinical Guideline 2024: Treatment of Helicobacter pylori Infection,ACG_2024,13,POST-TREATMENT TESTING FOR CURE,"Results will inform clinicians either to consider an alternative treatment for H. pylori in those with persistent infection or a different dyspepsia treatment strategy in those with successful eradication. A negative post-treatment test result should be reassuring to patients and providers alike as a meta-analysis reported recurrence rates of 1% (95% CI 0.3%-3%) per year for persons in the United States who are successfully eradicated of their H. pylori infection. Thus, with the exception of Alaskan natives who have an H. pylori recurrence rate of more than 8%, recurrence of H. pylori infection after an evidence-based treatment regimen is quite rare in the United States (105). An added benefit of routinely testing for cure is the ability of providers to monitor their local treatment results and to change their approach if results with certain regimens are suboptimal (e.g., if under 85%). Low eradication rates in first-line therapy should prompt consideration of testing for resistance and/or adopting a different empiric regimen. It is encouraging that the recommendation for routine post-treatment test of cure in the 2017 ACG guideline has been accompanied by improved rates of post-treatment testing in clinical practice in the United States, from under 25% in 2005 to 60%-80%by 2019 (57,60,106). Nevertheless, these improvements should not discourage healthcare providers from further attempts at improving adherence to the recommendation for universal post-treatment testing."
When should eradication of H. pylori be confirmed?,4,ACG_0005,0.6003,ACG Clinical Guideline 2024: Treatment of Helicobacter pylori Infection,ACG_2024,2,INTRODUCTION,"In some instances, key concepts are based on extrapolation of evidence and/or expert consensus. This guideline used GRADE methodology to evaluate treatment options for patients with H. pylori infection. We summarize treatment recommendations for patients with active H. pylori infection, as confirmed by a nonserological test, who have not been previously treated (i.e., ""treatment-naive"" patients) and those with persistent infection despite previous attempt(s) at eradication (i.e., ""treatment-experienced"" patients). Readers will notice substantial changes from the recommendations offered in the 2017 ACG CPG (6). These changes were largely motivated by important new data from North America including: 1. Rising rates of resistance to key antibiotics used to treat H. pylori, including clarithromycin and levofloxacin. This has led to reduced effectiveness of commonly used treatment regimens that contain these antibiotics. 2. Studies that have been conducted with novel treatment regimens featuring new antibiotic options (i.e., rifabutin) or more potent, next-generation gastric acid-suppressing agents (i.e., potassium-competitive acid blockers; PCABs) in treatment-naive individuals. As in previous versions, recommendations were based on the current, best available evidence with prioritization of evidence from studies conducted in North America. When unavailable, recommendations were based on studies conducted in other parts of the world and expert consensus."
When should eradication of H. pylori be confirmed?,5,ACG_0017,0.5994,ACG Clinical Guideline 2024: Treatment of Helicobacter pylori Infection,ACG_2024,5,INDICATIONS FOR HELICOBACTER PYLORI TESTING AND TREATMENT,"2. The determination of when to test for—and treat—H. pylori should be viewed as a single, rather than 2 separate and distinct, decisions. Testing for, and treatment of, H. pylori infection should be viewed as dependent rather than independent actions. H. pylori infection is an infectious disease with the potential for serious clinical consequences, including gastric cancer. Therefore, all patients with an indication for testing should be offered effective treatment if confirmed to have active infection—and should subsequently undergo a test-of-cure after treatment. The indications to test for and treat H. pylori infection are summarized in Table 4. The detailed supporting evidence for many of the indications to test for H. pylori infection is reviewed in the previous guideline. Newer information regarding testing indications is briefly summarized herein."
What are the indications for testing for H. pylori?,1,ACG_0021,0.7205,ACG Clinical Guideline 2024: Treatment of Helicobacter pylori Infection,ACG_2024,5,INDICATIONS FOR HELICOBACTER PYLORI TESTING AND TREATMENT,"Table 4. Indications for H. pylori testing and treatment Groups to test and treat for H. pylori infectiona: • Peptic ulcer disease: prior history or active disease • Marginal zone B-cell lymphoma, MALT type • Uninvestigated dyspepsia in patients who are under the age of 60 years ‐ In high-risk populations for gastric cancer, test and treat at age 45-50 years • Functional dyspepsia • Adult household members of individuals who have a positive non-serological test for H. pylori • Patients taking long-term NSAIDs or starting long-term treatment with low-dose aspirin • Patients with unexplained iron deficiency anemia • Patients with idiopathic (autoimmune) thrombocytopenic purpura • Primary and secondary prevention of gastric adenocarcinoma ‐ Current or history of gastric premalignant conditions (GPMC)b ‐ Current or history of early gastric cancer resection ‐ Current or prior history of gastric adenocarcinoma ‐ Patients with gastric adenomas or hyperplastic polypsc ‐ Persons with a first degree relative with gastric cancerd ‐ Individuals at increased risk for gastric cancer including certain non-White racial/ethnic groups, immigrants from high gastric cancer incidence regions/ countries, hereditary cancer syndromes associated with an increased risk for gastric cancerd ‐ Patients with autoimmune gastritis aIn the absence of contraindications, H. pylori treatment should be offered to all patients with active H. pylori infection, as indicated by a positive non-serological test."
What are the indications for testing for H. pylori?,2,ACG_0054,0.6438,ACG Clinical Guideline 2024: Treatment of Helicobacter pylori Infection,ACG_2024,13,POST-TREATMENT TESTING FOR CURE,"Similar to urea breath testing and fecal antigen testing, the sensitivity of endoscopic tests for H. pylori is reduced by the recent use of PPIs (and possibly PCABs), bismuth, or antibiotics. These drugs should be withheld before endoscopic testing for the same duration as for the nonendoscopic tests. In experienced hands, H. pylori organisms are readily identified on histology with hematoxylin & eosin staining. In biopsies from patients with a high suspicion for H. pylori infection but no organisms by hematoxylin & eosin staining, such as patients who demonstrate chronic or chronic active gastritis, special stains including Giemsa, Warthin-Starry (silver), or immunohistochemistry can improve the ability to detect H. pylori organisms (103). A positive biopsy urease test result may be adequate to identify ongoing infection, but a negative result, without corroboration by other post-treatment testing, should not be considered definitive proof of successful H. pylori eradication (104). Without testing for cure, patients with persistent infection remain at risk of potentially serious sequelae of infection including peptic ulcer, gastric adenocarcinoma, and gastric MALT lymphoma. In patients with dyspepsia and H. pylori infection, symptom response correlates poorly with treatment success. Thus, testing for H. pylori cure should be performed in all patients with dyspepsia who were treated for the infection irrespective of post-treatment symptoms. Results will inform clinicians either to consider an alternative treatment for H. pylori in those with persistent infection or a different dyspepsia treatment strategy in those with successful eradication."
What are the indications for testing for H. pylori?,3,ACG_0084,0.6429,ACG Clinical Guideline 2024: Treatment of Helicobacter pylori Infection,ACG_2024,19,ANTIBIOTIC SUSCEPTIBILITY TESTING,"6. H. pylori antibiotic susceptibility tests using either phenotypic (culture-based) or molecular methods (polymerase chain reaction [PCR] or next-generation sequencing [NGS]) are becoming increasingly available in the United States. The incremental benefit of selecting an eradication regimen ""tailored"" to the antibiotic susceptibility profile compared with empiric selection of eradication therapy remains to be adequately defined and studied—for both treatment-naive and treatment-experienced patients. Based on expert consensus, we advise using antibiotic susceptibility testing whenever the choice of therapy remains unclear after taking into consideration any previous treatments for H. pylori infection, past antibiotic exposure more generally, and whether there is a documented history of penicillin allergy. A natural consequence of the formal classification of H. pylori infection as an infectious disease is that treatment selection should be guided by the likely or actual antibiotic susceptibility of the organism in an individual patient. This tailored approach, contrasting with the empiric approach that has been followed in the past, has the potential to improve success rates and to reduce the occurrence and impact of inappropriate antibiotic pre-scription (120). Antibiotic susceptibility in H. pylori can be evaluated phenotypically, through bacterial culture and measuring growth inhibition by specific antibiotic exposure, or genetically through molecular analysis. Culture can be performed in several ways, with no universally accepted international gold-standard (121,122). Although culture-based H. pylori susceptibility testing is available in the United States, it is not widely used as a consequence of operational/workflow complexities, low rates of successful culture, and uncertainty over the incremental value of culture-based susceptibility results in treatment selection (123). Molecular testing for genetic variants that confer resistance to certain antibiotics is becoming increasingly available."
What are the indications for testing for H. pylori?,4,ACG_0017,0.6299,ACG Clinical Guideline 2024: Treatment of Helicobacter pylori Infection,ACG_2024,5,INDICATIONS FOR HELICOBACTER PYLORI TESTING AND TREATMENT,"2. The determination of when to test for—and treat—H. pylori should be viewed as a single, rather than 2 separate and distinct, decisions. Testing for, and treatment of, H. pylori infection should be viewed as dependent rather than independent actions. H. pylori infection is an infectious disease with the potential for serious clinical consequences, including gastric cancer. Therefore, all patients with an indication for testing should be offered effective treatment if confirmed to have active infection—and should subsequently undergo a test-of-cure after treatment. The indications to test for and treat H. pylori infection are summarized in Table 4. The detailed supporting evidence for many of the indications to test for H. pylori infection is reviewed in the previous guideline. Newer information regarding testing indications is briefly summarized herein."
What are the indications for testing for H. pylori?,5,ACG_0004,0.6284,ACG Clinical Guideline 2024: Treatment of Helicobacter pylori Infection,ACG_2024,2,INTRODUCTION,"We also discuss the critically important, but too often overlooked, issue of post-treatment testing to confirm H. pylori eradication. The primary purpose of this ACG CPG is to provide practical, actionable advice on the treatment of H. pylori infection in North America. These guidelines are presented in the format of statements that were deemed to be clinically important by the content authors. The Grading of Recommendations, Assessment, Development, and Evaluation (GRADE) process was used to assess the quality of evidence for each statement (Table 1). The quality of evidence is expressed as high (we are confident in the effect estimate to support a particular recommendation), moderate, low, or very low (we have very little confidence in the effect estimate to support a particular recommendation) based on the risk of bias of the studies, evidence of publication bias, heterogeneity among studies, directness of the evidence, and precision ofthe estimate of effect (2). A strength of recommendation is given as either strong (recommendations) or conditional (suggestions) based on the quality of evidence, risks vs benefits, feasibility, and costs considering perceived patient-based and population-based factors (5). Furthermore, a narrative evidence summary for each section provides important definitions and further details for the data supporting the statements. The guideline is structured in the format of key concepts, recommendations, and summaries of the evidence. Key concepts are statements that are not amenable to the GRADE process, either because of the structure of the statement or the available evidence. In some instances, key concepts are based on extrapolation of evidence and/or expert consensus. This guideline used GRADE methodology to evaluate treatment options for patients with H. pylori infection."
What is the recommended duration of H. pylori treatment?,1,ACG_0072,0.6923,ACG Clinical Guideline 2024: Treatment of Helicobacter pylori Infection,ACG_2024,17,ERADICATING HELICOBACTER PYLORI INFECTION IN TREATMENT-EXPERIENCED PATIENTS,"5. In treatment-experienced patients with persistent H. pylori infection that is confirmed to be clarithromycin-sensitive, PPI- or PCAB-clarithromycin triple therapy is suggested. As the recommendations of this guideline for the first-line treatment of H. pylori infection are incorporated into clinical practice, a larger proportion of treatment-experienced patients with persistent H. pylori infection will have previously been treated with BQT, rifabutin triple therapy, or vonoprazanamoxicillin dual therapy. If, related to previous use, high cost, or a lack of availability, treatment regimens containing clarithromycin or levofloxacin need to be considered, antibiotic susceptibility testing (see Key concept 6) should be performed. Here, we discuss clarithromycin triple therapy as salvage therapy, whereas quinolone-based salvage therapy is discussed below. There are no RCTs or robust observational data from North America that evaluate clarithromycin triple therapy as salvage therapy after BQT, rifabutin triple therapy, or vonoprazanamoxicillin dual therapy. Thus, the guideline panel used expert consensus to suggest PPI- or PCAB-clarithromycin triple salvage therapy in patients with persistent H. pylori infection confirmed to be sensitive to clarithromycin by antibiotic susceptibility testing. As noted above, the bactericidal activity of clarithromycin and amoxicillin on susceptible H. pylori strains is critically dependent on achieving and maintaining adequate gastric acid suppression (intragastric pH .6)."
What is the recommended duration of H. pylori treatment?,2,ACG_0011,0.6617,ACG Clinical Guideline 2024: Treatment of Helicobacter pylori Infection,ACG_2024,3,ERADICATING HELICOBACTER PYLORI INFECTION IN TREATMENT-EXPERIENCED PATIENTS,"Recommendations for treatment-experienced patients with persistent H. pylori infection 6. In treatment-experienced patients with persistent H. pylori infection who have not previously received bismuth quadruple therapy, optimized bismuth quadruple therapy is suggested (conditional recommendation; very low quality of evidence) 7. In treatment-experienced patients with persistent H. pylori infection who have previously received PPI-clarithromycin triple therapy, optimized bismuth quadruple therapy is suggested (conditional recommendation; low quality of evidence) 8. In treatment-experienced patients with persistent H. pylori infection who have received bismuth quadruple therapy, rifabutin triple therapy is suggested (conditional recommendation; low quality of evidence) 9. In treatment-experienced patients with persistent H. pylori infection who have not previously received optimized bismuth quadruple therapy, optimized bismuth quadruple therapy is suggested over quinolone-based therapy (conditional recommendation; low quality of evidence) 10. In treatment-experienced patients with persistent H. pylori infection, levofloxacin triple therapy is suggested in patients with known levofloxacin-sensitive H. pylori strains and when optimized bismuth quadruple or rifabutin triple therapies have previously been used or are unavailable (conditional recommendation, low quality of evidence) 11. In treatment-experienced patients with persistent H. pylori infection, there is insufficient evidence from North America to recommend high-dose PPI or PCAB dual therapy (no recommendation; evidence gap) 12."
What is the recommended duration of H. pylori treatment?,3,ACG_0074,0.6514,ACG Clinical Guideline 2024: Treatment of Helicobacter pylori Infection,ACG_2024,18,ERADICATING HELICOBACTER PYLORI INFECTION IN TREATMENT-EXPERIENCED PATIENTS,"9. In treatment-experienced patients with persistent H. pylori infection who have not previously received optimized BQT, optimized BQT is suggested over quinolone-based therapy (conditional recommendation; low quality of evidence)."
What is the recommended duration of H. pylori treatment?,4,ACG_0005,0.6378,ACG Clinical Guideline 2024: Treatment of Helicobacter pylori Infection,ACG_2024,2,INTRODUCTION,"In some instances, key concepts are based on extrapolation of evidence and/or expert consensus. This guideline used GRADE methodology to evaluate treatment options for patients with H. pylori infection. We summarize treatment recommendations for patients with active H. pylori infection, as confirmed by a nonserological test, who have not been previously treated (i.e., ""treatment-naive"" patients) and those with persistent infection despite previous attempt(s) at eradication (i.e., ""treatment-experienced"" patients). Readers will notice substantial changes from the recommendations offered in the 2017 ACG CPG (6). These changes were largely motivated by important new data from North America including: 1. Rising rates of resistance to key antibiotics used to treat H. pylori, including clarithromycin and levofloxacin. This has led to reduced effectiveness of commonly used treatment regimens that contain these antibiotics. 2. Studies that have been conducted with novel treatment regimens featuring new antibiotic options (i.e., rifabutin) or more potent, next-generation gastric acid-suppressing agents (i.e., potassium-competitive acid blockers; PCABs) in treatment-naive individuals. As in previous versions, recommendations were based on the current, best available evidence with prioritization of evidence from studies conducted in North America. When unavailable, recommendations were based on studies conducted in other parts of the world and expert consensus."
What is the recommended duration of H. pylori treatment?,5,ACG_0055,0.6361,ACG Clinical Guideline 2024: Treatment of Helicobacter pylori Infection,ACG_2024,13,POST-TREATMENT TESTING FOR CURE,"Results will inform clinicians either to consider an alternative treatment for H. pylori in those with persistent infection or a different dyspepsia treatment strategy in those with successful eradication. A negative post-treatment test result should be reassuring to patients and providers alike as a meta-analysis reported recurrence rates of 1% (95% CI 0.3%-3%) per year for persons in the United States who are successfully eradicated of their H. pylori infection. Thus, with the exception of Alaskan natives who have an H. pylori recurrence rate of more than 8%, recurrence of H. pylori infection after an evidence-based treatment regimen is quite rare in the United States (105). An added benefit of routinely testing for cure is the ability of providers to monitor their local treatment results and to change their approach if results with certain regimens are suboptimal (e.g., if under 85%). Low eradication rates in first-line therapy should prompt consideration of testing for resistance and/or adopting a different empiric regimen. It is encouraging that the recommendation for routine post-treatment test of cure in the 2017 ACG guideline has been accompanied by improved rates of post-treatment testing in clinical practice in the United States, from under 25% in 2005 to 60%-80%by 2019 (57,60,106). Nevertheless, these improvements should not discourage healthcare providers from further attempts at improving adherence to the recommendation for universal post-treatment testing."
What should be done after H. pylori treatment fails?,1,ACG_0055,0.6944,ACG Clinical Guideline 2024: Treatment of Helicobacter pylori Infection,ACG_2024,13,POST-TREATMENT TESTING FOR CURE,"Results will inform clinicians either to consider an alternative treatment for H. pylori in those with persistent infection or a different dyspepsia treatment strategy in those with successful eradication. A negative post-treatment test result should be reassuring to patients and providers alike as a meta-analysis reported recurrence rates of 1% (95% CI 0.3%-3%) per year for persons in the United States who are successfully eradicated of their H. pylori infection. Thus, with the exception of Alaskan natives who have an H. pylori recurrence rate of more than 8%, recurrence of H. pylori infection after an evidence-based treatment regimen is quite rare in the United States (105). An added benefit of routinely testing for cure is the ability of providers to monitor their local treatment results and to change their approach if results with certain regimens are suboptimal (e.g., if under 85%). Low eradication rates in first-line therapy should prompt consideration of testing for resistance and/or adopting a different empiric regimen. It is encouraging that the recommendation for routine post-treatment test of cure in the 2017 ACG guideline has been accompanied by improved rates of post-treatment testing in clinical practice in the United States, from under 25% in 2005 to 60%-80%by 2019 (57,60,106). Nevertheless, these improvements should not discourage healthcare providers from further attempts at improving adherence to the recommendation for universal post-treatment testing."
What should be done after H. pylori treatment fails?,2,ACG_0011,0.6204,ACG Clinical Guideline 2024: Treatment of Helicobacter pylori Infection,ACG_2024,3,ERADICATING HELICOBACTER PYLORI INFECTION IN TREATMENT-EXPERIENCED PATIENTS,"Recommendations for treatment-experienced patients with persistent H. pylori infection 6. In treatment-experienced patients with persistent H. pylori infection who have not previously received bismuth quadruple therapy, optimized bismuth quadruple therapy is suggested (conditional recommendation; very low quality of evidence) 7. In treatment-experienced patients with persistent H. pylori infection who have previously received PPI-clarithromycin triple therapy, optimized bismuth quadruple therapy is suggested (conditional recommendation; low quality of evidence) 8. In treatment-experienced patients with persistent H. pylori infection who have received bismuth quadruple therapy, rifabutin triple therapy is suggested (conditional recommendation; low quality of evidence) 9. In treatment-experienced patients with persistent H. pylori infection who have not previously received optimized bismuth quadruple therapy, optimized bismuth quadruple therapy is suggested over quinolone-based therapy (conditional recommendation; low quality of evidence) 10. In treatment-experienced patients with persistent H. pylori infection, levofloxacin triple therapy is suggested in patients with known levofloxacin-sensitive H. pylori strains and when optimized bismuth quadruple or rifabutin triple therapies have previously been used or are unavailable (conditional recommendation, low quality of evidence) 11. In treatment-experienced patients with persistent H. pylori infection, there is insufficient evidence from North America to recommend high-dose PPI or PCAB dual therapy (no recommendation; evidence gap) 12."
What should be done after H. pylori treatment fails?,3,ACG_0056,0.6062,ACG Clinical Guideline 2024: Treatment of Helicobacter pylori Infection,ACG_2024,13,ERADICATING HELICOBACTER PYLORI INFECTION IN TREATMENT-EXPERIENCED PATIENTS,"Treatment of patients with persistent H. pylori infection despite 1 previous course of eradication therapy is considered ""second-line"" therapy. Treatment of patients with persistent H. pylori infection despite 2 previous courses of eradication therapy is referred to as ""third-line"" therapy. The umbrella term ""salvage therapy"" refers to any treatment provided to patients with persistent H. pylori infection despite initial therapy. Table 6 summarizes the recommended and suggested regimens for treatment-experienced patients with persistent H. pylori infection. Figures 3 and 4 are algorithms intended to assist providers to choose among the recommended and suggested treatment options. Of the recommended and suggested salvage regimens, only optimized BQT is suitable for patients with a true penicillin allergy. When optimized BQT is not an appropriate option for a patient with suspected penicillin allergy, we suggest referral to an allergist to confirm a true allergy and to consider penicillin desensitization."
What should be done after H. pylori treatment fails?,4,ACG_0072,0.6004,ACG Clinical Guideline 2024: Treatment of Helicobacter pylori Infection,ACG_2024,17,ERADICATING HELICOBACTER PYLORI INFECTION IN TREATMENT-EXPERIENCED PATIENTS,"5. In treatment-experienced patients with persistent H. pylori infection that is confirmed to be clarithromycin-sensitive, PPI- or PCAB-clarithromycin triple therapy is suggested. As the recommendations of this guideline for the first-line treatment of H. pylori infection are incorporated into clinical practice, a larger proportion of treatment-experienced patients with persistent H. pylori infection will have previously been treated with BQT, rifabutin triple therapy, or vonoprazanamoxicillin dual therapy. If, related to previous use, high cost, or a lack of availability, treatment regimens containing clarithromycin or levofloxacin need to be considered, antibiotic susceptibility testing (see Key concept 6) should be performed. Here, we discuss clarithromycin triple therapy as salvage therapy, whereas quinolone-based salvage therapy is discussed below. There are no RCTs or robust observational data from North America that evaluate clarithromycin triple therapy as salvage therapy after BQT, rifabutin triple therapy, or vonoprazanamoxicillin dual therapy. Thus, the guideline panel used expert consensus to suggest PPI- or PCAB-clarithromycin triple salvage therapy in patients with persistent H. pylori infection confirmed to be sensitive to clarithromycin by antibiotic susceptibility testing. As noted above, the bactericidal activity of clarithromycin and amoxicillin on susceptible H. pylori strains is critically dependent on achieving and maintaining adequate gastric acid suppression (intragastric pH .6)."
What should be done after H. pylori treatment fails?,5,ACG_0074,0.6001,ACG Clinical Guideline 2024: Treatment of Helicobacter pylori Infection,ACG_2024,18,ERADICATING HELICOBACTER PYLORI INFECTION IN TREATMENT-EXPERIENCED PATIENTS,"9. In treatment-experienced patients with persistent H. pylori infection who have not previously received optimized BQT, optimized BQT is suggested over quinolone-based therapy (conditional recommendation; low quality of evidence)."
What are the recommended first-line therapies for H. pylori?,1,ACG_0036,0.7055,ACG Clinical Guideline 2024: Treatment of Helicobacter pylori Infection,ACG_2024,9,ERADICATING HELICOBACTER PYLORI INFECTION IN TREATMENT-NAIVE PATIENTS,"2. In treatment-naive patients with H. pylori infection, rifabutin triple therapy is suggested as a first-line treatment option (conditional recommendation; low quality evidence) Rifabutin triple therapy consists of a PPI, rifabutin, and amoxicillin. This regimen has traditionally been viewed as an option for treatment-experienced patients with persistent H. pylori infection. More recently, this combination has been evaluated in treatment-naive patients. In a meta-analysis of clinical trialsthat comparedrifabutin triple therapy with avariety ofother regimens, only a minority were randomized, and only one of the 8 that were randomized was adequately blinded (75). Furthermore, most trials were performed outside of the United States. In the United States, only 1 rifabutin-based triple regimen (Talicia; Red Hill Biopharma, Raleigh, NC) is approved by the FDA for the treatment of H. pylori infection in adults. It is a fixed-dose combination of omeprazole, rifabutin, and amoxicillin—with Figure 2. (a) Meta-analysis of antibiotic susceptibility testing performed on 2,669 H. pylori strains from the United States between 2011 and 2021 (58). (b) US regional antibiotic resistance rates among 381 patients with H. pylori infection (57). total daily doses of 120 mg, 150 mg, and 3 g, respectively. In the 2 trials that led to its FDA approval, the proprietary dose of rifabutin that was used was 50 mg taken 8-hourly for 14 days; this dose may maintain the intragastric rifabutin concentration above its MIC90 for H. pylori for longer than regimens using 150 mg given once or twice daily or 300 mg given once daily (76)."
What are the recommended first-line therapies for H. pylori?,2,ACG_0072,0.7024,ACG Clinical Guideline 2024: Treatment of Helicobacter pylori Infection,ACG_2024,17,ERADICATING HELICOBACTER PYLORI INFECTION IN TREATMENT-EXPERIENCED PATIENTS,"5. In treatment-experienced patients with persistent H. pylori infection that is confirmed to be clarithromycin-sensitive, PPI- or PCAB-clarithromycin triple therapy is suggested. As the recommendations of this guideline for the first-line treatment of H. pylori infection are incorporated into clinical practice, a larger proportion of treatment-experienced patients with persistent H. pylori infection will have previously been treated with BQT, rifabutin triple therapy, or vonoprazanamoxicillin dual therapy. If, related to previous use, high cost, or a lack of availability, treatment regimens containing clarithromycin or levofloxacin need to be considered, antibiotic susceptibility testing (see Key concept 6) should be performed. Here, we discuss clarithromycin triple therapy as salvage therapy, whereas quinolone-based salvage therapy is discussed below. There are no RCTs or robust observational data from North America that evaluate clarithromycin triple therapy as salvage therapy after BQT, rifabutin triple therapy, or vonoprazanamoxicillin dual therapy. Thus, the guideline panel used expert consensus to suggest PPI- or PCAB-clarithromycin triple salvage therapy in patients with persistent H. pylori infection confirmed to be sensitive to clarithromycin by antibiotic susceptibility testing. As noted above, the bactericidal activity of clarithromycin and amoxicillin on susceptible H. pylori strains is critically dependent on achieving and maintaining adequate gastric acid suppression (intragastric pH .6)."
What are the recommended first-line therapies for H. pylori?,3,ACG_0010,0.6862,ACG Clinical Guideline 2024: Treatment of Helicobacter pylori Infection,ACG_2024,3,ERADICATING HELICOBACTER PYLORI INFECTION IN TREATMENT-NAIVE PATIENTS,"Table 2. Guideline recommendations Recommendations for treatment-naive patients with Helicobacter pylori infection 1. In treatment-naive patients with H. pylori infection, optimized BQTis recommended as a first-line treatment option (strong recommendation; moderate quality evidence) 2. In treatment-naive patients with H. pylori infection, rifabutin triple therapy is suggested as a first-line treatment option (conditional recommendation; low quality evidence) 3. In treatment-naive patients with H. pylori infection, dual therapy with a PCAB and amoxicillin is suggested as a first-line treatment option (conditional recommendation; moderate quality evidence) 4. In treatment-naive patients with H. pylori infection and unknown clarithromycin susceptibility, PCAB-clarithromycin triple therapy is suggested over PPIclarithromycin triple therapy (conditional recommendation; moderate quality evidence) 5. In treatment-naive patients with H. pylori infection, concomitant therapy is not suggested over bismuth quadruple therapy (conditional recommendation; low quality evidence)"
What are the recommended first-line therapies for H. pylori?,4,ACG_0001,0.6812,ACG Clinical Guideline 2024: Treatment of Helicobacter pylori Infection,ACG_2024,1,ABSTRACT,"Helicobacter pylori is a prevalent, global infectious disease that causes dyspepsia, peptic ulcer disease, and gastric cancer. The American College of Gastroenterology commissioned this clinical practice guideline (CPG) to inform the evidence-based management of patients with H. pylori infection in North America. This CPG used Grading of Recommendations, Assessment, Development, and Evaluation (GRADE) methodology to systematically analyze 11 Population, Intervention, Comparison, and Outcome questions and generate recommendations. Where evidence was insufficient or the topic did not lend itself to GRADE, expert consensus was used to create 6 key concepts. For treatment-naive patients with H. pylori infection, bismuth quadruple therapy (BQT) for 14 days is the preferred regimen when antibiotic susceptibility is unknown. Rifabutin triple therapy or potassium-competitive acid blocker dual therapy for 14 days is a suitable empiric alternative in patients without penicillin allergy. In treatment-experienced patients with persistent H. pylori infection, ""optimized"" BQT for 14 days is preferred for those who have not been treated with optimized BQT previously and for whom antibiotic susceptibility is unknown. In patients previously treated with optimized BQT, rifabutin triple therapy for 14 days is a suitable empiric alternative."
What are the recommended first-line therapies for H. pylori?,5,ACG_0005,0.6669,ACG Clinical Guideline 2024: Treatment of Helicobacter pylori Infection,ACG_2024,2,INTRODUCTION,"In some instances, key concepts are based on extrapolation of evidence and/or expert consensus. This guideline used GRADE methodology to evaluate treatment options for patients with H. pylori infection. We summarize treatment recommendations for patients with active H. pylori infection, as confirmed by a nonserological test, who have not been previously treated (i.e., ""treatment-naive"" patients) and those with persistent infection despite previous attempt(s) at eradication (i.e., ""treatment-experienced"" patients). Readers will notice substantial changes from the recommendations offered in the 2017 ACG CPG (6). These changes were largely motivated by important new data from North America including: 1. Rising rates of resistance to key antibiotics used to treat H. pylori, including clarithromycin and levofloxacin. This has led to reduced effectiveness of commonly used treatment regimens that contain these antibiotics. 2. Studies that have been conducted with novel treatment regimens featuring new antibiotic options (i.e., rifabutin) or more potent, next-generation gastric acid-suppressing agents (i.e., potassium-competitive acid blockers; PCABs) in treatment-naive individuals. As in previous versions, recommendations were based on the current, best available evidence with prioritization of evidence from studies conducted in North America. When unavailable, recommendations were based on studies conducted in other parts of the world and expert consensus."
When should patients be tested for H. pylori after treatment?,1,ACG_0055,0.7538,ACG Clinical Guideline 2024: Treatment of Helicobacter pylori Infection,ACG_2024,13,POST-TREATMENT TESTING FOR CURE,"Results will inform clinicians either to consider an alternative treatment for H. pylori in those with persistent infection or a different dyspepsia treatment strategy in those with successful eradication. A negative post-treatment test result should be reassuring to patients and providers alike as a meta-analysis reported recurrence rates of 1% (95% CI 0.3%-3%) per year for persons in the United States who are successfully eradicated of their H. pylori infection. Thus, with the exception of Alaskan natives who have an H. pylori recurrence rate of more than 8%, recurrence of H. pylori infection after an evidence-based treatment regimen is quite rare in the United States (105). An added benefit of routinely testing for cure is the ability of providers to monitor their local treatment results and to change their approach if results with certain regimens are suboptimal (e.g., if under 85%). Low eradication rates in first-line therapy should prompt consideration of testing for resistance and/or adopting a different empiric regimen. It is encouraging that the recommendation for routine post-treatment test of cure in the 2017 ACG guideline has been accompanied by improved rates of post-treatment testing in clinical practice in the United States, from under 25% in 2005 to 60%-80%by 2019 (57,60,106). Nevertheless, these improvements should not discourage healthcare providers from further attempts at improving adherence to the recommendation for universal post-treatment testing."
When should patients be tested for H. pylori after treatment?,2,ACG_0021,0.6707,ACG Clinical Guideline 2024: Treatment of Helicobacter pylori Infection,ACG_2024,5,INDICATIONS FOR HELICOBACTER PYLORI TESTING AND TREATMENT,"Table 4. Indications for H. pylori testing and treatment Groups to test and treat for H. pylori infectiona: • Peptic ulcer disease: prior history or active disease • Marginal zone B-cell lymphoma, MALT type • Uninvestigated dyspepsia in patients who are under the age of 60 years ‐ In high-risk populations for gastric cancer, test and treat at age 45-50 years • Functional dyspepsia • Adult household members of individuals who have a positive non-serological test for H. pylori • Patients taking long-term NSAIDs or starting long-term treatment with low-dose aspirin • Patients with unexplained iron deficiency anemia • Patients with idiopathic (autoimmune) thrombocytopenic purpura • Primary and secondary prevention of gastric adenocarcinoma ‐ Current or history of gastric premalignant conditions (GPMC)b ‐ Current or history of early gastric cancer resection ‐ Current or prior history of gastric adenocarcinoma ‐ Patients with gastric adenomas or hyperplastic polypsc ‐ Persons with a first degree relative with gastric cancerd ‐ Individuals at increased risk for gastric cancer including certain non-White racial/ethnic groups, immigrants from high gastric cancer incidence regions/ countries, hereditary cancer syndromes associated with an increased risk for gastric cancerd ‐ Patients with autoimmune gastritis aIn the absence of contraindications, H. pylori treatment should be offered to all patients with active H. pylori infection, as indicated by a positive non-serological test."
When should patients be tested for H. pylori after treatment?,3,ACG_0053,0.6519,ACG Clinical Guideline 2024: Treatment of Helicobacter pylori Infection,ACG_2024,13,POST-TREATMENT TESTING FOR CURE,"4. All patients who are treated for H. pylori infection should undergo a test of cure with an appropriately conducted urea breath test, fecal antigen test, or biopsy-based test at least 4 weeks after completion of therapy. Since H. pylori eradication rates with traditional treatment regimens have been declining in the United States over the past 2 decades, tests of cure are necessary to identify patients with persistent infection. The nonendoscopic urea breath test and fecal antigen test are both highly accurate for confirming treatment success when performed at least 4 weeks after the completion of therapy. Since PPIs can result in false-negative urea breath tests and fecal antigen tests, they should be stopped for 2 weeks before either test of cure is performed (99,100). Similar considerations will probably also apply to PCABs (such as vonoprazan), although, thus far, this has not been adequately studied (101). Standard doses of H2RAs or antacids do not affect the accuracy of these tests. Patients should also avoid bismuth and antibiotics for at least 4 weeks before a test of cure. Because antibody levels can remain detectable for months to years after successful eradication of H. pylori infection, serological testing should not be used to establish post-treatment status (102). In the rare situations when upper endoscopy is needed shortly after treating H. pylori infection (e.g., in patients with a large gastric ulcer or gastric MALT lymphoma), histology and/or a biopsy urease test can also be used to confirm post-treatment H. pylori status. Similar to urea breath testing and fecal antigen testing, the sensitivity of endoscopic tests for H. pylori is reduced by the recent use of PPIs (and possibly PCABs), bismuth, or antibiotics."
When should patients be tested for H. pylori after treatment?,4,ACG_0072,0.6463,ACG Clinical Guideline 2024: Treatment of Helicobacter pylori Infection,ACG_2024,17,ERADICATING HELICOBACTER PYLORI INFECTION IN TREATMENT-EXPERIENCED PATIENTS,"5. In treatment-experienced patients with persistent H. pylori infection that is confirmed to be clarithromycin-sensitive, PPI- or PCAB-clarithromycin triple therapy is suggested. As the recommendations of this guideline for the first-line treatment of H. pylori infection are incorporated into clinical practice, a larger proportion of treatment-experienced patients with persistent H. pylori infection will have previously been treated with BQT, rifabutin triple therapy, or vonoprazanamoxicillin dual therapy. If, related to previous use, high cost, or a lack of availability, treatment regimens containing clarithromycin or levofloxacin need to be considered, antibiotic susceptibility testing (see Key concept 6) should be performed. Here, we discuss clarithromycin triple therapy as salvage therapy, whereas quinolone-based salvage therapy is discussed below. There are no RCTs or robust observational data from North America that evaluate clarithromycin triple therapy as salvage therapy after BQT, rifabutin triple therapy, or vonoprazanamoxicillin dual therapy. Thus, the guideline panel used expert consensus to suggest PPI- or PCAB-clarithromycin triple salvage therapy in patients with persistent H. pylori infection confirmed to be sensitive to clarithromycin by antibiotic susceptibility testing. As noted above, the bactericidal activity of clarithromycin and amoxicillin on susceptible H. pylori strains is critically dependent on achieving and maintaining adequate gastric acid suppression (intragastric pH .6)."
When should patients be tested for H. pylori after treatment?,5,ACG_0017,0.631,ACG Clinical Guideline 2024: Treatment of Helicobacter pylori Infection,ACG_2024,5,INDICATIONS FOR HELICOBACTER PYLORI TESTING AND TREATMENT,"2. The determination of when to test for—and treat—H. pylori should be viewed as a single, rather than 2 separate and distinct, decisions. Testing for, and treatment of, H. pylori infection should be viewed as dependent rather than independent actions. H. pylori infection is an infectious disease with the potential for serious clinical consequences, including gastric cancer. Therefore, all patients with an indication for testing should be offered effective treatment if confirmed to have active infection—and should subsequently undergo a test-of-cure after treatment. The indications to test for and treat H. pylori infection are summarized in Table 4. The detailed supporting evidence for many of the indications to test for H. pylori infection is reviewed in the previous guideline. Newer information regarding testing indications is briefly summarized herein."
